CODIGO;ENTIDAD;NOMBRE FANTASIA;DIRECCION;COMUNA;HORARIO REFERENCIAL;ESTE;NORTE;LONGITUD;LATITUD
L1;METRO;ALCANTARA;Avda. Apoquindo Frente al 3885;LAS CONDES;Lunes a Viernes: 6:00 a 23:00 horas, Sábados: 6:30 a 23:00 horas, Domingos y festivos: 8:00 a 22:30 horas.;352191;6301527;-70,5896858425;-33,4154387733
L1;METRO;BAQUEDANO L1;Avda. Providencia 011;PROVIDENCIA;Lunes a Viernes: 6:00 a 23:00 horas, Sábados: 6:30 a 23:00 horas, Domingos y festivos: 8:00 a 22:30 horas.;348189;6299042;-70,633119;-33,437277
L1;METRO;ECUADOR;Avda. Libertador Bernardo O`Higgins Frente al 4620;ESTACION CENTRAL;Lunes a Viernes: 6:00 a 23:00 horas, Sábados: 6:30 a 23:00 horas, Domingos y festivos: 8:00 a 22:30 horas.;341905;6296835;-70,7010856004;-33,4562666496
L1;METRO;EL GOLF;Avda. Apoquindo Frente al Nº3231;LAS CONDES;Lunes a Viernes: 6:00 a 23:00 horas, Sábados: 6:30 a 23:00 horas, Domingos y festivos: 8:00 a 22:30 horas.;351619;6301383;-70,5958563387;-33,416657734
L1;METRO;ESCUELA MILITAR;Avda. Apoquindo Frente al 4502;LAS CONDES;Lunes a Viernes: 6:00 a 23:00 horas, Sábados: 6:30 a 23:00 horas, Domingos y festivos: 8:00 a 22:30 horas.;352658;6301661;-70,5846369001;-33,4142908812
L1;METRO;ESTACION CENTRAL;Avda. Libertador Bernardo O`Higgins Frente al 3322;ESTACION CENTRAL;Lunes a Viernes: 5:40 a 23:00 horas, Sábados: 6:30 a 23:00 horas, Domingos y festivos: 8:00 a 22:30 horas.;343935;6297466;-70,6791487979;-33,4508747721
L1;METRO;HERNANDO DE MAGALLANES;Avda. Apoquindo 7095;LAS CONDES;Lunes a Viernes: 6:00 a 23:00 horas, Sábados: 6:30 a 23:00 horas, Domingos y festivos: 8:00 a 22:30 horas.;355348;6302399;-70,5555990885;-33,4080065974
L1;METRO;LA MONEDA;Avda. Libertador Bernardo O`Higgins 1330;SANTIAGO;Lunes a Viernes: 6:00 a 23:00 horas, Sábados: 6:30 a 23:00 horas, Domingos y festivos: 8:00 a 22:30 horas.;346188;6298170;-70,6547958639;-33,4448550099
L1;METRO;LAS REJAS;Avda. Libertador Bernardo O`Higgins 6056;ESTACION CENTRAL;Lunes a Viernes: 6:00 a 23:00 horas, Sábados: 6:30 a 23:00 horas, Domingos y festivos: 8:00 a 22:30 horas.;341463;6296706;-70,7058707613;-33,4573687921
L1;METRO;LOS DOMINICOS;Avda. Apoquindo 8613;LAS CONDES;Lunes a Viernes: 6:00 a 23:00 horas, Sábados: 6:30 a 23:00 horas, Domingos y festivos: 8:00 a 22:30 horas.;356326;6302425;-70,5450801049;-33,4078963976
L1;METRO;LOS HEROES L1;Avda. Libertador Bernardo O`Higgins 1774;SANTIAGO;Lunes a Viernes: 6:00 a 23:00 horas, Sábados: 6:30 a 23:00 horas, Domingos y festivos: 8:00 a 22:30 horas.;345548;6297979;-70,661705;-33,446487
L1;METRO;LOS LEONES L1;Avda. Nueva Providencia 2249;PROVIDENCIA;Lunes a Viernes: 6:00 a 23:00 horas, Sábados: 6:30 a 23:00 horas, Domingos y festivos: 8:00 a 22:30 horas.;350439;6300753;-70,6086500598;-33,4221740884
L1;METRO;MANQUEHUE;Avda. Apoquindo Frente al 5875;LAS CONDES;Lunes a Viernes: 6:00 a 23:00 horas, Sábados: 6:30 a 23:00 horas, Domingos y festivos: 8:00 a 22:30 horas.;354185;6302268;-70,5681256167;-33,409025904
L1;METRO;MANUEL MONTT;Avda. Providencia 1337;PROVIDENCIA;Lunes a Viernes: 6:00 a 23:00 horas, Sábados: 6:30 a 23:00 horas, Domingos y festivos: 8:00 a 22:30 horas.;349496;6299959;-70,6189163946;-33,4292005093
L1;METRO;NEPTUNO;Avda. Neptuno Oriente frente al 260;LO PRADO;Lunes a Viernes: 6:00 a 23:00 horas, Sábados: 6:30 a 23:00 horas, Domingos y festivos: 8:00 a 22:30 horas.;339893;6297327;-70,7226457231;-33,4515363785
L1;METRO;PADRE ALBERTO HURTADO;Avda. Libertador Bernardo O`Higgins Frente al 4102;ESTACION CENTRAL;Lunes a Viernes: 6:00 a 23:00 horas, Sábados: 6:30 a 23:00 horas, Domingos y festivos: 8:00 a 22:30 horas.;348826;6299475;-70,6262085328;-33,4334665259
L1;METRO;PAJARITOS;Avda. General Bonilla 5900;LO PRADO;Lunes a Viernes: 5:40 a 23:00 horas, Sábados: 6:30 a 23:00 horas, Domingos y festivos: 8:00 a 22:30 horas.;340527;6296685;-70,7159366252;-33,4574171848
L1;METRO;PEDRO DE VALDIVIA;Avda. Providencia 1880;PROVIDENCIA;Lunes a Viernes: 6:00 a 23:00 horas, Sábados: 6:30 a 23:00 horas, Domingos y festivos: 8:00 a 22:30 horas.;342712;6297075;-70,6923679557;-33,4542237258
L1;METRO;REPUBLICA;Avda. Libertador Bernardo O`Higgins 2275;SANTIAGO;Lunes a Viernes: 6:00 a 23:00 horas, Sábados: 6:30 a 23:00 horas, Domingos y festivos: 8:00 a 22:30 horas.;350091;6300442;-70,6124338697;-33,424929207
L1;METRO;SALVADOR;Avda. Providencia 700;PROVIDENCIA;Lunes a Viernes: 6:00 a 23:00 horas, Sábados: 6:30 a 23:00 horas, Domingos y festivos: 8:00 a 22:30 horas.;345055;6297836;-70,6670369446;-33,44770483
L1;METRO;SAN PABLO L1;Avda. San Pablo 6190;LO PRADO;Lunes a Viernes: 6:00 a 23:00 horas, Sábados: 6:30 a 23:00 horas, Domingos y festivos: 8:00 a 22:30 horas.;339837;6298000;-70,723118;-33,445454
L1;METRO;SANTA LUCIA;Avda. Libertador Bernardo O´Higgins N°511;SANTIAGO;Lunes a Viernes: 6:00 a 23:00 horas, Sábados: 6:30 a 23:00 horas, Domingos y festivos: 8:00 a 22:30 horas.;347075;6298440;-70,6452040233;-33,4425540356
L1;METRO;TOBALABA L1;Avda. Tobalaba 117;PROVIDENCIA;Lunes a Viernes: 6:00 a 23:00 horas, Sábados: 6:30 a 23:00 horas, Domingos y festivos: 8:00 a 22:30 horas.;350977;6301143;-70,602792;-33,418722
L1;METRO;UNION LATINOAMERICANA;Avda. Libertador Bernardo O`Higgins 2841;SANTIAGO;Lunes a Viernes: 6:00 a 23:00 horas, Sábados: 6:30 a 23:00 horas, Domingos y festivos: 8:00 a 22:30 horas.;344461;6297636;-70,673456434;-33,4494227802
L1;METRO;UNIVERSIDAD CATOLICA;Avda. Libertador Bernardo O`Higgins 270;SANTIAGO;Lunes a Viernes: 6:00 a 23:00 horas, Sábados: 6:30 a 23:00 horas, Domingos y festivos: 8:00 a 22:30 horas.;347552;6298747;-70,6400308121;-33,4398533694
L1;METRO;UNIVERSIDAD DE CHILE;Avda. Libertador Bernardo O`Higgins 1020;SANTIAGO;Lunes a Viernes: 6:00 a 23:00 horas, Sábados: 6:30 a 23:00 horas, Domingos y festivos: 8:00 a 22:30 horas.;346605;6298298;-70,6502916805;-33,4437650271
L1;METRO;UNIVERSIDAD DE SANTIAGO;Avda. Libertador Bernardo O`Higgins Frente al 3702;ESTACION CENTRAL;Lunes a Viernes: 5:40 a 23:00 horas, Sábados: 6:30 a 23:00 horas, Domingos y festivos: 8:00 a 22:30 horas.;343267;6297239;-70,6863706043;-33,4528321137
L2;METRO;RONDIZZONI;Avenida General Rondizzoni 1650;SANTIAGO;Lunes a Viernes: 6:00 a 23:00 horas, Sábados: 6:30 a 23:00 horas, Domingos y festivos: 8:00 a 22:30 horas.;346111;6295384;-70,656665637344;-33,4702489243293
L2;METRO;SAN MIGUEL;Gran Avenida José Miguel Carrera Frente al 3806;SAN MIGUEL;Lunes a Viernes: 6:00 a 23:00 horas, Sábados: 6:30 a 23:00 horas, Domingos y festivos: 8:00 a 22:30 horas.;346699;6293314;-70,6506872131484;-33,4889964032722
L2;METRO;SANTA ANA L2;Compañía de Jesús N°1625;SANTIAGO;Lunes a Viernes: 6:00 a 23:00 horas, Sábados: 6:30 a 23:00 horas, Domingos y festivos: 8:00 a 22:30 horas.;345864;6298817;-70,6587310579999;-33,4392550389999
L2;METRO;TOESCA;Toesca 1635;SANTIAGO;Lunes a Viernes: 6:00 a 23:00 horas, Sábados: 6:30 a 23:00 horas, Domingos y festivos: 8:00 a 22:30 horas.;345835;6297333;-70,658734104;-33,452351492
L2;METRO;VESPUCIO NORTE;Ignacio Carrera Pinto altura 661;RECOLETA;Lunes a Viernes: 6:00 a 23:00 horas, Sábados: 6:30 a 23:00 horas, Domingos y festivos: 8:00 a 22:30 horas.;346929;6305281;-70,646175808;-33,381131836
L2;METRO;ZAPADORES;Avda. Recoleta 3754;RECOLETA;Lunes a Viernes: 6:00 a 23:00 horas, Sábados: 6:30 a 23:00 horas, Domingos y festivos: 8:00 a 22:30 horas.;347238;6304160;-70,642441;-33,390938
L2;METRO;CAL Y CANTO;General Mackenna 1100;SANTIAGO;Lunes a Viernes: 6:00 a 23:00 horas, Sábados: 6:30 a 23:00 horas, Domingos y festivos: 8:00 a 22:30 horas.;346405;6299495;-70,652228944;-33,4329460266
L2;METRO;CEMENTERIOS;Avda. Recoleta 1502;RECOLETA;Lunes a Viernes: 6:00 a 23:00 horas, Sábados: 6:30 a 23:00 horas, Domingos y festivos: 8:00 a 22:30 horas.;347172;6301622;-70,6436196881;-33,4138734859
L2;METRO;CERRO BLANCO;Avda. Recoleta 860;RECOLETA;Lunes a Viernes: 6:00 a 23:00 horas, Sábados: 6:30 a 23:00 horas, Domingos y festivos: 8:00 a 22:30 horas.;347065;6300666;-70,6449391713;-33,4224768455
L2;METRO;CIUDAD DEL NINO;Gran Avenida José Miguel Carrera Frente al 5940;SAN MIGUEL;Lunes a Viernes: 6:00 a 23:00 horas, Sábados: 6:30 a 23:00 horas, Domingos y festivos: 8:00 a 22:30 horas.;346130;6290987;-70,656652699;-33,5096115457
L2;METRO;DEPARTAMENTAL;Gran Avenida José Miguel Carrera Frente al 5350;SAN MIGUEL;Lunes a Viernes: 6:00 a 23:00 horas, Sábados: 6:30 a 23:00 horas, Domingos y festivos: 8:00 a 22:30 horas.;346291;6291715;-70,6547967444;-33,503069019
L2;METRO;DORSAL;Avda. Recoleta 3202;RECOLETA;Lunes a Viernes: 6:00 a 23:00 horas, Sábados: 6:30 a 23:00 horas, Domingos y festivos: 8:00 a 22:30 horas.;347224;6303516;-70,6427391035;-33,3968035324
L2;METRO;EINSTEIN;Avda. Einstein 601;RECOLETA;Lunes a Viernes: 6:00 a 23:00 horas, Sábados: 6:30 a 23:00 horas, Domingos y festivos: 8:00 a 22:30 horas.;347201;6302443;-70,6431782925;-33,4064773885
L2;METRO;EL LLANO;Gran Avda. Jose Miguel Carrera Frente al 3080;SAN MIGUEL;Lunes a Viernes: 6:00 a 23:00 horas, Sábados: 6:30 a 23:00 horas, Domingos y festivos: 8:00 a 22:30 horas.;346782;6293993;-70,6491237338;-33,4825980382
L2;METRO;EL PARRON;Gran Avenida José Miguel Carrera 7958;LA CISTERNA;Lunes a Viernes: 6:00 a 23:00 horas, Sábados: 6:30 a 23:00 horas, Domingos y festivos: 8:00 a 22:30 horas.;345717;6289106;-70,6614241284;-33,526513086
L2;METRO;FRANKLIN L2;Placer 1310;SANTIAGO;Lunes a Viernes: 6:00 a 23:00 horas, Sábados: 6:30 a 23:00 horas, Domingos y festivos: 8:00 a 22:30 horas.;346744;6294717;-70,6494014049;-33,476068318
L2;METRO;LA CISTERNA;Gran Avenida José Miguel Carrera 8870;LA CISTERNA;Lunes a Viernes: 6:00 a 23:00 horas, Sábados: 6:30 a 23:00 horas, Domingos y festivos: 8:00 a 22:30 horas.;345454;6287830;-70,664475872;-33,5379710401
L2;METRO;LO OVALLE;Gran Avenida José Miguel  Carrera 6560 - 6559;LA CISTERNA;Lunes a Viernes: 6:00 a 23:00 horas, Sábados: 6:30 a 23:00 horas, Domingos y festivos: 8:00 a 22:30 horas.;345943;6290139;-70,6588073333;-33,5172332353
L2;METRO;LO VIAL;Gran Avenida José Miguel Carrera Frente al 4688;SAN MIGUEL;Lunes a Viernes: 6:00 a 23:00 horas, Sábados: 6:30 a 23:00 horas, Domingos y festivos: 8:00 a 22:30 horas.;346456;6292456;-70,652892795;-33,4964133763
L2;METRO;LOS HEROES L2;Avda. Libertador Bernardo O`Higgins 1774;SANTIAGO;Lunes a Viernes: 6:00 a 23:00 horas, Sábados: 6:30 a 23:00 horas, Domingos y festivos: 8:00 a 22:30 horas.;345548;6297979;-70,661705;-33,446487
L2;METRO;PARQUE O'HIGGINS;Avda. Manuel Antonio Matta 1704;SANTIAGO;Lunes a Viernes: 6:00 a 23:00 horas, Sábados: 6:30 a 23:00 horas, Domingos y festivos: 8:00 a 22:30 horas.;346028;6296395;-70,656821848;-33,4608418168
L2;METRO;PATRONATO;Avda. Recoleta 301;RECOLETA;Lunes a Viernes: 6:00 a 23:00 horas, Sábados: 6:30 a 23:00 horas, Domingos y festivos: 8:00 a 22:30 horas.;346881;6299870;-70,6470530443;-33,4296286175
L3;METRO;FERNANDO CASTILLO VELASCO;AV. ALCALDE FERNANDO CASTILLO VELASCO 6831;LA REINA;Lunes a Viernes: 5:50 a 23:05 horas, Sábados: 6:30 a 23:05 horas, Domingos y festivos: 8:00 a 22:50 horas.;355173;6297482;-70,558266;-33,45231
L3;METRO;PLAZA EGAÑA;IRARRAZAVAL 5738;ÑUÑOA;Lunes a Viernes: 5:50 a 23:05 horas, Sábados: 6:30 a 23:05 horas, Domingos y festivos: 8:00 a 22:50 horas.;353938;6297337;-70,571569;-33,45345
L3;METRO;VILLA FREI;IRARRAZAVAL 4675;ÑUÑOA;Lunes a Viernes: 5:50 a 23:05 horas, Sábados: 6:30 a 23:05 horas, Domingos y festivos: 8:00 a 22:50 horas.;353009;6297167;-70,581595;-33,454856
L3;METRO;CHILE ESPAÑA;IRARRAZAVAL 3227;ÑUÑOA;Lunes a Viernes: 5:50 a 23:05 horas, Sábados: 6:30 a 23:05 horas, Domingos y festivos: 8:00 a 22:50 horas.;351549;6297112;-70,597308;-33,45515
L3;METRO;ÑUÑOA;IRARRAZAVAL 2461;ÑUÑOA;Lunes a Viernes: 5:50 a 23:05 horas, Sábados: 6:30 a 23:05 horas, Domingos y festivos: 8:00 a 22:50 horas.;350837;6297230;-70,605515;-33,454277
L3;METRO;MONSEÑOR EYZAGUIRRE;MONSEÑOR EYZAGUIRRE 39;ÑUÑOA;Lunes a Viernes: 5:50 a 23:05 horas, Sábados: 6:30 a 23:05 horas, Domingos y festivos: 8:00 a 22:50 horas.;350011;6297270;-70,613826;-33,453507
L3;METRO;IRARRAZAVAL;MATTA ORIENTE 240;ÑUÑOA;Lunes a Viernes: 5:50 a 23:05 horas, Sábados: 6:30 a 23:05 horas, Domingos y festivos: 8:00 a 22:50 horas.;348700;6297111;-70,627946;-33,454762
L3;METRO;MATTA;SANTA ROSA 1088;SANTIAGO;Lunes a Viernes: 5:50 a 23:05 horas, Sábados: 6:30 a 23:05 horas, Domingos y festivos: 8:00 a 22:50 horas.;347293;6296732;-70,64315;-33,457973
L3;METRO;PARQUE ALMAGRO;AV. SANTA ISABEL 1110;SANTIAGO;Lunes a Viernes: 5:50 a 23:05 horas, Sábados: 6:30 a 23:05 horas, Domingos y festivos: 8:00 a 22:50 horas.;346601;6297432;-70,6504687;-33,4515666
L3;METRO;UNIVERSADAD DE CHILE;AV. LIBERTADOR BERNARDO O'HIGGINS 1020;SANTIAGO;Lunes a Viernes: 5:50 a 23:05 horas, Sábados: 6:30 a 23:05 horas, Domingos y festivos: 8:00 a 22:50 horas.;346653;6298298;-70,650337;-33,444057
L3;METRO;PLAZA DE ARMAS;BANDERA 530;SANTIAGO;Lunes a Viernes: 5:50 a 23:05 horas, Sábados: 6:30 a 23:05 horas, Domingos y festivos: 8:00 a 22:50 horas.;346688;6299118;-70,649818;-33,436672
L3;METRO;PUENTE CAL Y CANTO;GENERAL MACKENNA 1010;SANTIAGO;Lunes a Viernes: 5:50 a 23:05 horas, Sábados: 6:30 a 23:05 horas, Domingos y festivos: 8:00 a 22:50 horas.;346413;6299474;-70,652146;-33,433128
L3;METRO;HOSPITALES;PROFESOR ZAÑARTU 1190;INDEPENDENCIA;Lunes a Viernes: 5:50 a 23:05 horas, Sábados: 6:30 a 23:05 horas, Domingos y festivos: 8:00 a 22:50 horas.;346057;6301173;-70,655687;-33,417756
L3;METRO;PLAZA CHACABUCO;JULIO MARTINEZ PRADANUS 1500;INDEPENDENCIA;Lunes a Viernes: 5:50 a 23:05 horas, Sábados: 6:30 a 23:05 horas, Domingos y festivos: 8:00 a 22:50 horas.;345549;6302460;-70,660928;-33,406079
L3;METRO;CONCHALI;AV. INDEPENDENCIA 3279;CONCHALI;Lunes a Viernes: 5:50 a 23:05 horas, Sábados: 6:30 a 23:05 horas, Domingos y festivos: 8:00 a 22:50 horas.;344658;6303426;-70,670334;-33,397244
L3;METRO;VIVACETA;AV. INDEPENDENCIA 4765;CONCHALI;Lunes a Viernes: 5:50 a 23:05 horas, Sábados: 6:30 a 23:05 horas, Domingos y festivos: 8:00 a 22:50 horas.;343783;6304754;-70,679508;-33,385142
L3;METRO;CARDENAL CARO;AV. JOSÉ MARÍA CARO 1875;CONCHALI;Lunes a Viernes: 5:50 a 23:05 horas, Sábados: 6:30 a 23:05 horas, Domingos y festivos: 8:00 a 22:50 horas.;343208;6306090;-70,685459;-33,373018
L3;METRO;LOS LIBERTADORES;AV. AMÉRICO VESPUCIO 2500;QUILICURA;Lunes a Viernes: 5:50 a 23:05 horas, Sábados: 6:30 a 23:05 horas, Domingos y festivos: 8:00 a 22:50 horas.;343004;6306739;-70,6875399;-33,3671373
L4;METRO;VICENTE VALDES L4;Avda. Vicuña Mackenna 7897;LA FLORIDA;Lunes a Viernes: 6:00 a 23:00 horas, Sábados: 6:30 a 23:00 horas, Domingos y festivos: 8:00 a 22:30 horas.;351723;6289194;-70,596748;-33,526559
L4;METRO;CRISTOBAL COLON;Eliodoro Yañez 2987;PROVIDENCIA;Lunes a Viernes: 6:00 a 23:00 horas, Sábados: 6:30 a 23:00 horas, Domingos y festivos: 8:00 a 22:30 horas.;352073;6300320;-70,591152772;-33,4263050417
L4;METRO;ELISA CORREA;Avda. Concha y Toro 3999;PUENTE ALTO;Lunes a Viernes: 6:00 a 23:00 horas, Sábados: 6:30 a 23:00 horas, Domingos y festivos: 8:00 a 22:30 horas.;353004;6284456;-70,5837448005;-33,5694653545
L4;METRO;FRANCISCO BILBAO;Francisco Bilbao 3785;PROVIDENCIA;Lunes a Viernes: 6:00 a 23:00 horas, Sábados: 6:30 a 23:00 horas, Domingos y festivos: 8:00 a 22:30 horas.;352691;6299702;-70,5846017588;-33,431954829
L4;METRO;GRECIA;Avda. Grecia 5280;ÑUÑOA;Lunes a Viernes: 6:00 a 23:00 horas, Sábados: 6:30 a 23:00 horas, Domingos y festivos: 8:00 a 22:30 horas.;353509;6295537;-70,576492012;-33,4696186488
L4;METRO;LAS MERCEDES;Avda. Concha y Toro 1099;PUENTE ALTO;Lunes a Viernes: 6:00 a 23:00 horas, Sábados: 6:30 a 23:00 horas, Domingos y festivos: 8:00 a 22:30 horas.;353627;6280999;-70,5775951411;-33,6007205794
L4;METRO;LAS TORRES;Avda. Américo Vespucio 5001;MACUL;Lunes a Viernes: 6:00 a 23:00 horas, Sábados: 6:30 a 23:00 horas, Domingos y festivos: 8:00 a 22:30 horas.;352641;6292279;-70,5863649467;-33,4988819111
L4;METRO;LOS ORIENTALES;Avda. Americo Vespucio 825;ÑUÑOA;Lunes a Viernes: 6:00 a 23:00 horas, Sábados: 6:30 a 23:00 horas, Domingos y festivos: 8:00 a 22:30 horas.;353739;6296328;-70,573881635;-33,4625241485
L4;METRO;LOS PRESIDENTES;Avda. Americo Vespucio  2469;MACUL;Lunes a Viernes: 6:00 a 23:00 horas, Sábados: 6:30 a 23:00 horas, Domingos y festivos: 8:00 a 22:30 horas.;353325;6294398;-70,5786516893;-33,479870172
L4;METRO;LOS QUILLAYES;Avda. Vicuña Mackenna Frente al 11145;LA FLORIDA;Lunes a Viernes: 6:00 a 23:00 horas, Sábados: 6:30 a 23:00 horas, Domingos y festivos: 8:00 a 22:30 horas.;352857;6285355;-70,5851770833;-33,5613327566
L4;METRO;MACUL;Avda. Macul 6309;MACUL;Lunes a Viernes: 6:00 a 23:00 horas, Sábados: 6:30 a 23:00 horas, Domingos y festivos: 8:00 a 22:30 horas.;352321;6291127;-70,5899928911;-33,5092230156
L4;METRO;PLAZA EGANA;Avda. Américo Vespucio 30;ÑUÑOA;Lunes a Viernes: 6:00 a 23:00 horas, Sábados: 6:30 a 23:00 horas, Domingos y festivos: 8:00 a 22:30 horas.;354018;6297380;-70,570713113;-33,453074795
L4;METRO;PLAZA PUENTE ALTO;Avda. Concha y Toro 265;PUENTE ALTO;Lunes a Viernes: 6:00 a 23:00 horas, Sábados: 6:30 a 23:00 horas, Domingos y festivos: 8:00 a 22:30 horas.;353814;6279921;-70,5757546477;-33,6104627332
L4;METRO;PRINCIPE DE GALES;Avda. Americo Vespucio 1660;ÑUÑOA;Lunes a Viernes: 6:00 a 23:00 horas, Sábados: 6:30 a 23:00 horas, Domingos y festivos: 8:00 a 22:30 horas.;353708;6299052;-70,5737705717;-33,4379569188
L4;METRO;PROTECTORA DE LA INFANCIA;Avda. Concha y Toro 2410;PUENTE ALTO;Lunes a Viernes: 6:00 a 23:00 horas, Sábados: 6:30 a 23:00 horas, Domingos y festivos: 8:00 a 22:30 horas.;353405;6282212;-70,5797935169;-33,5897537099
L4;METRO;QUILIN;Avda. Americo Vespucio 3411;MACUL;Lunes a Viernes: 6:00 a 23:00 horas, Sábados: 6:30 a 23:00 horas, Domingos y festivos: 8:00 a 22:30 horas.;353181;6293468;-70,5803542757;-33,4882359056
L4;METRO;ROJAS MAGALLANES;Avda. Vicuña Mackenna Frente al 8825;LA FLORIDA;Lunes a Viernes: 6:00 a 23:00 horas, Sábados: 6:30 a 23:00 horas, Domingos y festivos: 8:00 a 22:30 horas.;352124;6288135;-70,5926103657;-33,5361679941
L4;METRO;SAN JOSE DE LA ESTRELLA;Avda. Vicuña Mackenna Frente al 10422;LA FLORIDA;Lunes a Viernes: 6:00 a 23:00 horas, Sábados: 6:30 a 23:00 horas, Domingos y festivos: 8:00 a 22:30 horas.;352717;6286238;-70,5865360399;-33,5533554017
L4;METRO;SIMON BOLIVAR;Avda. Americo Vespucio 760;ÑUÑOA;Lunes a Viernes: 6:00 a 23:00 horas, Sábados: 6:30 a 23:00 horas, Domingos y festivos: 8:00 a 22:30 horas.;353926;6297940;-70,5716075746;-33,4480174982
L4;METRO;SOTERO DEL RIO;Avda. Concha y Toro 3458;PUENTE ALTO;Lunes a Viernes: 6:00 a 23:00 horas, Sábados: 6:30 a 23:00 horas, Domingos y festivos: 8:00 a 22:30 horas.;353162;6283611;-70,5821759114;-33,5771017395
L4;METRO;TOBALABA L4;Avda. Tobalaba 117;PROVIDENCIA;Lunes a Viernes: 6:00 a 23:00 horas, Sábados: 6:30 a 23:00 horas, Domingos y festivos: 8:00 a 22:30 horas.;350977;6301143;-70,602792;-33,418722
L4;METRO;TRINIDAD;Avda. Vicuña Mackenna Frente al 9779;LA FLORIDA;Lunes a Viernes: 6:00 a 23:00 horas, Sábados: 6:30 a 23:00 horas, Domingos y festivos: 8:00 a 22:30 horas.;352580;6286987;-70,5878865189;-33,5465810871
L4;METRO;VICUÑA MACKENNA L4;Avda. Américo Vespucio Frente al 7340;LA FLORIDA;Lunes a Viernes: 6:00 a 23:00 horas, Sábados: 6:30 a 23:00 horas, Domingos y festivos: 8:00 a 22:30 horas.;351765;6289947;-70,596173;-33,519778
L4A;METRO;LA CISTERNA;Gran Avenida José Miguel Carrera 8870;LA CISTERNA;Lunes a Viernes: 6:00 a 23:00 horas, Sábados: 6:30 a 23:00 horas, Domingos y festivos: 8:00 a 22:30 horas.;345454;6287902;-70,664475872;-33,5379710401
L4A;METRO;LA GRANJA;Avda. Américo Vespucio 0741-E;LA GRANJA;Lunes a Viernes: 6:00 a 23:00 horas, Sábados: 6:30 a 23:00 horas, Domingos y festivos: 8:00 a 22:30 horas.;349956;6287545;-70,6160506476;-33,5411913223
L4A;METRO;SAN RAMON;Avda. Americo Vespucio 1775;SAN RAMON;Lunes a Viernes: 6:00 a 23:00 horas, Sábados: 6:30 a 23:00 horas, Domingos y festivos: 8:00 a 22:30 horas.;346685;6287624;-70,651247929;-33,5400086732
L4A;METRO;SANTA JULIA;Avda. Americo Vespucio Frente al 8320;LA FLORIDA;Lunes a Viernes: 6:00 a 23:00 horas, Sábados: 6:30 a 23:00 horas, Domingos y festivos: 8:00 a 22:30 horas.;350919;6288672;-70,6054880039;-33,53116125
L4A;METRO;SANTA ROSA;Avda. Santa Rosa 8914;LA GRANJA;Lunes a Viernes: 6:00 a 23:00 horas, Sábados: 6:30 a 23:00 horas, Domingos y festivos: 8:00 a 22:30 horas.;348283;6287379;-70,6340939802;-33,5424495036
L4A;METRO;VICUNA MACKENNA L4A;Avda. Américo Vespucio Frente al 7340;LA FLORIDA;Lunes a Viernes: 6:00 a 23:00 horas, Sábados: 6:30 a 23:00 horas, Domingos y festivos: 8:00 a 22:30 horas.;351765;6289947;-70,596173;-33,519778
L5;METRO;SANTA ANA L5;Catedral 1512;SANTIAGO;Lunes a Viernes: 6:00 a 23:00 horas, Sábados: 6:30 a 23:00 horas, Domingos y festivos: 8:00 a 22:30 horas.;345841;6298895;-70,6583892909484;-33,4382596350783
L5;METRO;VICENTE VALDES L5;Avda. Vicuña Mackenna 7897;LA FLORIDA;Lunes a Viernes: 6:00 a 23:00 horas, Sábados: 6:30 a 23:00 horas, Domingos y festivos: 8:00 a 22:30 horas.;351723;6289194;-70,596748;-33,526559
L5;METRO;BAQUEDANO L5;Avda. Providencia 011;PROVIDENCIA;Lunes a Viernes: 6:00 a 23:00 horas, Sábados: 6:30 a 23:00 horas, Domingos y festivos: 8:00 a 22:30 horas.;348033;6299017;-70,634804;-33,437476
L5;METRO;BARRANCAS;Avda. Gral. Bonilla 8220;PUDAHUEL;Lunes a Viernes: 6:00 a 23:00 horas, Sábados: 6:30 a 23:00 horas, Domingos y festivos: 8:00 a 22:30 horas.;338375;6297140;-70,7390024344;-33,4529977764
L5;METRO;BELLAS ARTES;Mosqueto 515;SANTIAGO;Lunes a Viernes: 6:00 a 23:00 horas, Sábados: 6:30 a 23:00 horas, Domingos y festivos: 8:00 a 22:30 horas.;347082;6299091;-70,6450213229;-33,436680607
L5;METRO;BELLAVISTA LA FLORIDA;Avda. Vicuña Mackenna Costado de 165;LA FLORIDA;Lunes a Viernes: 6:00 a 23:00 horas, Sábados: 6:30 a 23:00 horas, Domingos y festivos: 8:00 a 22:30 horas.;351471;6289869;-70,5993483297;-33,5204449009
L5;METRO;BLANQUEADO;Avda. San Pablo 5199;QUINTA NORMAL;Lunes a Viernes: 6:00 a 23:00 horas, Sábados: 6:30 a 23:00 horas, Domingos y festivos: 8:00 a 22:30 horas.;341304;6298465;-70,7072627674;-33,4414864788
L5;METRO;CAMINO AGRICOLA;Avda. Vicuña Mackenna 3953;MACUL;Lunes a Viernes: 6:00 a 23:00 horas, Sábados: 6:30 a 23:00 horas, Domingos y festivos: 8:00 a 22:30 horas.;349736;6293014;-70,6174987351;-33,4918474779
L5;METRO;CARLOS VALDOVINOS;Avda. Vicuña Mackenna 3745;MACUL;Lunes a Viernes: 6:00 a 23:00 horas, Sábados: 6:30 a 23:00 horas, Domingos y festivos: 8:00 a 22:30 horas.;349579;6293608;-70,6190938371;-33,4864718748
L5;METRO;DEL SOL;Avda. Pajaritos 3801;MAIPU;Lunes a Viernes: 6:00 a 23:00 horas, Sábados: 6:30 a 23:00 horas, Domingos y festivos: 8:00 a 22:30 horas.;337168;6293033;-70,7527345359;-33,4898370035
L5;METRO;GRUTA DE LOURDES;Avda. San Pablo 4098;QUINTA NORMAL;Lunes a Viernes: 6:00 a 23:00 horas, Sábados: 6:30 a 23:00 horas, Domingos y festivos: 8:00 a 22:30 horas.;342744;6298830;-70,6917116963;-33,4384028009
L5;METRO;IRARRAZAVAL;Avda. Irarrazaval 351;ÑUÑOA;Lunes a Viernes: 6:00 a 23:00 horas, Sábados: 6:30 a 23:00 horas, Domingos y festivos: 8:00 a 22:30 horas.;348674;6297053;-70,6282473189;-33,4552828909
L5;METRO;LAGUNA SUR;Avda. Laguna Sur 7297;PUDAHUEL;Lunes a Viernes: 6:00 a 23:00 horas, Sábados: 6:30 a 23:00 horas, Domingos y festivos: 8:00 a 22:30 horas.;338505;6296046;-70,7377993675;-33,4628779993
L5;METRO;LAS PARCELAS;Avda. Pajaritos 5090;MAIPU;Lunes a Viernes: 6:00 a 23:00 horas, Sábados: 6:30 a 23:00 horas, Domingos y festivos: 8:00 a 22:30 horas.;338189;6294435;-70,7414908906;-33,4773557137
L5;METRO;LO PRADO;Avda. San Pablo 5885;LO PRADO;Lunes a Viernes: 6:00 a 23:00 horas, Sábados: 6:30 a 23:00 horas, Domingos y festivos: 8:00 a 22:30 horas.;340504;6298251;-70,7159129966;-33,44329548
L5;METRO;MIRADOR;Avda. Vicuña Mackenna Frente a 6420;LA FLORIDA;Lunes a Viernes: 6:00 a 23:00 horas, Sábados: 6:30 a 23:00 horas, Domingos y festivos: 8:00 a 22:30 horas.;350822;6290668;-70,6062000679;-33,5131545696
L5;METRO;MONTE TABOR;Avda. Pajaritos 4460;MAIPU;Lunes a Viernes: 6:00 a 23:00 horas, Sábados: 6:30 a 23:00 horas, Domingos y festivos: 8:00 a 22:30 horas.;337837;6293901;-70,7453727989;-33,4821161369
L5;METRO;ÑUBLE L5;Carlos Dittborn 300;ÑUÑOA;Lunes a Viernes: 6:00 a 23:00 horas, Sábados: 6:30 a 23:00 horas, Domingos y festivos: 8:00 a 22:30 horas.;349023;6295714;-70,6247134504;-33,46740043
L5;METRO;PARQUE BUSTAMANTE;Francisco Bilbao 084;PROVIDENCIA;Lunes a Viernes: 6:00 a 23:00 horas, Sábados: 6:30 a 23:00 horas, Domingos y festivos: 8:00 a 22:30 horas.;348345;6298432;-70,6315473827;-33,4428033737
L5;METRO;PEDRERO;Avda. Departamental 1901;MACUL;Lunes a Viernes: 6:00 a 23:00 horas, Sábados: 6:30 a 23:00 horas, Domingos y festivos: 8:00 a 22:30 horas.;350235;6291225;-70,6124268393;-33,5080473296
L5;METRO;PLAZA DE ARMAS;21 de Mayo 543;SANTIAGO;Lunes a Viernes: 6:00 a 23:00 horas, Sábados: 6:30 a 23:00 horas, Domingos y festivos: 8:00 a 22:30 horas.;346564;6299017;-70,6506089474;-33,4372717911
L5;METRO;PLAZA DE MAIPU;Avda. Pajaritos 1921;MAIPU;Lunes a Viernes: 6:00 a 23:00 horas, Sábados: 6:30 a 23:00 horas, Domingos y festivos: 8:00 a 22:30 horas.;336785;6290719;-70,7572698234;-33,5106376657
L5;METRO;PUDAHUEL;Avda. Teniente Cruz 800;PUDAHUEL;Lunes a Viernes: 6:00 a 23:00 horas, Sábados: 6:30 a 23:00 horas, Domingos y festivos: 8:00 a 22:30 horas.;338212;6298027;-70,7405987919;-33,4449744968
L5;METRO;QUINTA NORMAL;Catedral 3336;SANTIAGO;Lunes a Viernes: 6:00 a 23:00 horas, Sábados: 6:30 a 23:00 horas, Domingos y festivos: 8:00 a 22:30 horas.;343819;6298625;-70,680187867;-33,4404094483
L5;METRO;RICARDO CUMMING;Avda. Ricardo Cumming 502;SANTIAGO;Lunes a Viernes: 6:00 a 23:00 horas, Sábados: 6:30 a 23:00 horas, Domingos y festivos: 8:00 a 22:30 horas.;344900;6298781;-70,668541584;-33,4391645841
L5;METRO;RODRIGO DE ARAYA;Avda. Vicuña Mackenna 2601;MACUL;Lunes a Viernes: 6:00 a 23:00 horas, Sábados: 6:30 a 23:00 horas, Domingos y festivos: 8:00 a 22:30 horas.;349265;6294588;-70,6223002472;-33,4775901468
L5;METRO;SAN JOAQUIN;Avda. Vicuña Mackenna 4861;MACUL;Lunes a Viernes: 6:00 a 23:00 horas, Sábados: 6:30 a 23:00 horas, Domingos y festivos: 8:00 a 22:30 horas.;349853;6292455;-70,6163333506;-33,4969056062
L5;METRO;SAN PABLO L5;Avda. San Pablo 6190;LO PRADO;Lunes a Viernes: 6:00 a 23:00 horas, Sábados: 6:30 a 23:00 horas, Domingos y festivos: 8:00 a 22:30 horas.;339837;6298000;-70,723118;-33,445454
L5;METRO;SANTA ISABEL;Santa Isabel N°088;PROVIDENCIA;Lunes a Viernes: 6:00 a 23:00 horas, Sábados: 6:30 a 23:00 horas, Domingos y festivos: 8:00 a 22:30 horas.;348458;6297954;-70,6304176391;-33,44713023
L5;METRO;SANTIAGO BUERAS;Avda. Pajaritos 3321;MAIPU;Lunes a Viernes: 6:00 a 23:00 horas, Sábados: 6:30 a 23:00 horas, Domingos y festivos: 8:00 a 22:30 horas.;336744;6292296;-70,7574300634;-33,496415092
L6;METRO;CERRILLOS;Martín de Solier 4598;CERRILLOS;Lunes a Viernes: 6:00 a 23:00 horas, Sábados: 6:30 a 23:00 horas, Domingos y festivos: 8:00 a 22:30 horas.;342697;6293845;-70,693665;-33,483631
L6;METRO;LO VALLEDOR;Avda. Carlos Valdovinos 3346;PEDRO AGUIRRE CERDA;Lunes a Viernes: 6:00 a 23:00 horas, Sábados: 6:30 a 23:00 horas, Domingos y festivos: 8:00 a 22:30 horas.;343935;6294422;-70,680244;-33,478607
L6;METRO;PRESIDENTE PEDRO AGUIRRE CERDA;Avda. Carlos Valdovinos 2223;PEDRO AGUIRRE CERDA;Lunes a Viernes: 6:00 a 23:00 horas, Sábados: 6:30 a 23:00 horas, Domingos y festivos: 8:00 a 22:30 horas.;345351;6294460;-70,665001;-33,47847
L6;METRO;FRANKLIN L6;Nataniel Cox 2370;SANTIAGO;Lunes a Viernes: 6:00 a 23:00 horas, Sábados: 6:30 a 23:00 horas, Domingos y festivos: 8:00 a 22:30 horas.;346808;6294730;-70,649277;-33,47625
L6;METRO;BIO BIO;Avda. Santa Rosa 2374;SAN JOAQUIN;Lunes a Viernes: 6:00 a 23:00 horas, Sábados: 6:30 a 23:00 horas, Domingos y festivos: 8:00 a 22:30 horas.;347504;6294677;-70,6418;-33,476822
L6;METRO;ÑUBLE L6;Carlos Dittborn 733;ÑUÑOA;Lunes a Viernes: 6:00 a 23:00 horas, Sábados: 6:30 a 23:00 horas, Domingos y festivos: 8:00 a 22:30 horas.;349121;6295754;-70,624222;-33,46735
L6;METRO;ÑUÑOA;Avda. Irarrázaval 2461;ÑUÑOA;Lunes a Viernes: 6:00 a 23:00 horas, Sábados: 6:30 a 23:00 horas, Domingos y festivos: 8:00 a 22:30 horas.;350837;6297230;-70,605515;-33,454277
L6;METRO;ESTADIO NACIONAL;Avda. Grecia 2298;ÑUÑOA;Lunes a Viernes: 6:00 a 23:00 horas, Sábados: 6:30 a 23:00 horas, Domingos y festivos: 8:00 a 22:30 horas.;350702;6296373;-70,607109;-33,46199
L6;METRO;INES DE SUAREZ;Avda. Pedro de Valdivia 1664;PROVIDENCIA;Lunes a Viernes: 6:00 a 23:00 horas, Sábados: 6:30 a 23:00 horas, Domingos y festivos: 8:00 a 22:30 horas.;350634;6299031;-70,607399;-33,438011
L6;METRO;LOS LEONES L6;Las Bellotas 200;PROVIDENCIA;Lunes a Viernes: 6:00 a 23:00 horas, Sábados: 6:30 a 23:00 horas, Domingos y festivos: 8:00 a 22:30 horas.;350554;6300779;-70,607971;-33,422237